DeptCode,Year,Month,SaveOption,Amount,UpdateTime,UpdateUser
R12_04_LTN,2017,3,receive,1286653486,40:54.9,D_MMA
R12_04_LTN,2017,3,receive,1286653486,40:54.9,D_MMA
R12_04_LTN,2016,3,receive,472999036,04:04.2,D_SSM
R12_04_LTN,2017,3,receive,457328837,40:54.9,D_MMA
R12_04_LTN,2017,3,receive,452000000,40:54.9,D_MMA
R12_04_LTN,2017,3,receive,318301500,40:54.9,D_MMA
R12_04_LTN,2017,6,receive,291163069,54:05.4,D_EKTW
R12_04_LTN,2015,3,receive,176958980,32:10.3,D_DNS
R12_04_LTN,2015,3,receive,151286576,32:10.3,D_DNS
R12_04_LTN,2015,3,receive,144457979.4,32:10.3,D_DNS
R12_04_LTN,2015,3,receive,144457979.4,32:10.3,D_DNS
R12_04_LTN,2016,3,receive,130909515,04:04.2,D_SSM
R12_04_LTN,2016,3,receive,128680655,04:04.2,D_SSM
R12_04_LTN,2016,3,receive,124231505,04:04.2,D_SSM
R12_04_LTN,2014,3,receive,116339594,24:56.8,D_DNS
R12_04_LTN,2017,2,receive,112504381,04:47.0,D_MMA
R12_04_LTN,2017,3,receive,104084305,40:54.9,D_MMA
R12_04_LTN,2016,2,receive,102896000,28:13.5,D_SSM
R12_04_LTN,2016,2,receive,102708611,28:13.5,D_SSM
R12_04_LTN,2015,12,receive,101718976,27:18.2,D_SSM
R12_04_LTN,2013,10,receive,98650403,37:41.8,D_DNS
R12_04_LTN,2014,3,receive,97689647.68,24:56.8,D_DNS
R12_04_LTN,2016,3,receive,95924057.7,04:04.2,D_SSM
R12_04_LTN,2016,2,receive,95356310,28:13.5,D_SSM
R12_04_LTN,2015,1,receive,94907734,38:28.3,D_DNS
R12_04_LTN,2016,3,receive,92384000,04:04.2,D_SSM
R12_04_LTN,2014,3,receive,92255919,24:56.8,D_DNS
R12_04_LTN,2015,3,receive,86760420,32:10.3,D_DNS
R12_04_LTN,2016,2,receive,85220029,28:13.5,D_SSM
R12_04_LTN,2016,3,receive,81924057.7,04:04.2,D_SSM
R12_04_LTN,2017,1,receive,76835167,24:56.2,D_MMA
R12_04_LTN,2016,1,receive,75091657,27:44.3,D_SSM
R12_04_LTN,2016,12,receive,74524524,07:48.5,D_MMA
R12_04_LTN,2017,2,receive,72879704,04:47.0,D_MMA
R12_04_LTN,2016,3,receive,69176770,04:04.2,D_SSM
R12_04_LTN,2015,2,receive,65347008,08:47.9,D_DNS
R12_04_LTN,2013,12,receive,62748359,35:15.5,D_DNS4
R12_04_LTN,2014,1,receive,62688187,14:04.3,D_DNS
R12_04_LTN,2016,1,receive,61446452,27:44.3,D_SSM
R12_04_LTN,2014,10,receive,59305000,26:19.7,D_DNS
R12_04_LTN,2015,2,receive,57862115,08:47.9,D_DNS
R12_04_LTN,2013,12,receive,56138377,35:15.5,D_DNS4
R12_04_LTN,2016,1,receive,54297674,27:44.3,D_SSM
R12_04_LTN,2017,5,receive,53144468,37:44.9,D_MMA
R12_04_LTN,2017,4,receive,52732455.66,09:45.8,D_MMA
R12_04_LTN,2015,1,receive,52689280,38:28.3,D_DNS
R12_04_LTN,2016,1,receive,52580718.31,27:44.3,D_SSM
R12_04_LTN,2016,1,receive,52580718.31,27:44.3,D_SSM
R12_04_LTN,2014,2,receive,52237232,00:40.2,D_YYS
R12_04_LTN,2016,10,receive,51915097,59:46.8,D_MMA
R12_04_LTN,2015,8,receive,51370805,18:09.1,D_SSM
R12_04_LTN,2014,1,receive,48108250.18,14:04.3,D_DNS
R12_04_LTN,2017,3,receive,46550000,40:54.9,D_MMA
R12_04_LTN,2013,9,receive,46351854,37:22.8,D_DNS
R12_04_LTN,2015,12,receive,45430000,27:18.2,D_SSM
R12_04_LTN,2015,12,receive,44827436,27:18.2,D_SSM
R12_04_LTN,2013,10,receive,44124849,37:41.8,D_DNS
R12_04_LTN,2014,12,receive,42726662.72,01:22.6,D_DNS
R12_04_LTN,2014,12,receive,42726662.72,01:22.6,D_DNS
R12_04_LTN,2016,11,receive,42379712,59:41.9,D_MMA
R12_04_LTN,2014,1,receive,41159854,14:04.3,D_DNS
R12_04_LTN,2016,10,receive,41075000,59:46.8,D_MMA
R12_04_LTN,2016,10,receive,40939650,59:46.8,D_MMA
R12_04_LTN,2014,11,receive,40428201,26:18.1,D_DNS
R12_04_LTN,2014,2,receive,39821814.58,00:40.2,D_YYS
R12_04_LTN,2017,2,receive,39787718.44,04:47.0,D_MMA
R12_04_LTN,2015,10,receive,39621450,24:30.7,D_SSM
R12_04_LTN,2015,7,receive,39591103,13:51.7,D_SSM
R12_04_LTN,2017,5,receive,39279216,37:44.9,D_MMA
R12_04_LTN,2016,11,receive,38676250,59:41.9,D_MMA
R12_04_LTN,2014,12,receive,38428015,01:22.6,D_DNS
R12_04_LTN,2014,2,receive,37992619,00:40.2,D_YYS
R12_04_LTN,2015,8,receive,37624068.3,18:09.1,D_SSM
R12_04_LTN,2015,8,receive,37624068.3,18:09.1,D_SSM
R12_04_LTN,2017,1,receive,37090238,24:56.2,D_MMA
R12_04_LTN,2015,2,receive,36490695.53,08:47.9,D_DNS
R12_04_LTN,2015,2,receive,36490695.53,08:47.9,D_DNS
R12_04_LTN,2013,8,receive,35390250,31:53.2,D_DNS
R12_04_LTN,2016,3,receive,35353892.4,04:04.2,D_SSM
R12_04_LTN,2014,1,receive,35325000,14:04.3,D_DNS
R12_04_LTN,2013,12,receive,34856137.21,35:15.5,D_DNS4
R12_04_LTN,2016,12,receive,34497360,07:48.5,D_MMA
R12_04_LTN,2015,9,receive,34181626,18:41.2,D_SSM
R12_04_LTN,2017,2,receive,33637718.44,04:47.0,D_MMA
R12_04_LTN,2013,11,receive,33511262,38:07.6,D_DNS
R12_04_LTN,2016,9,receive,33373650,15:23.9,D_MMA
R12_04_LTN,2013,6,receive,33039330,26:40.2,D_DNS
R12_04_LTN,2015,10,receive,33008284,24:30.7,D_SSM
R12_04_LTN,2013,9,receive,30976514,37:22.8,D_DNS
R12_04_LTN,2014,12,receive,30501354,01:22.6,D_DNS
R12_04_LTN,2016,9,receive,30389314.54,15:23.9,D_MMA
R12_04_LTN,2016,9,receive,30389314.54,15:23.9,D_MMA
R12_04_LTN,2014,9,receive,30125155,07:55.5,D_DNS
R12_04_LTN,2014,10,receive,30009456.46,26:19.7,D_DNS
R12_04_LTN,2014,10,receive,29986581.46,26:19.7,D_DNS
R12_04_LTN,2016,3,receive,28954317.45,04:04.2,D_SSM
R12_04_LTN,2014,9,receive,28718764,07:55.5,D_DNS
R12_04_LTN,2016,9,receive,28479120,15:23.9,D_MMA
R12_04_LTN,2014,6,receive,28401025,15:51.9,D_DNS
R12_04_LTN,2014,10,receive,27375427,26:19.7,D_DNS
R12_04_LTN,2014,10,receive,27360170,26:19.7,D_DNS
R12_04_LTN,2015,1,receive,26771649.97,38:28.3,D_DNS
R12_04_LTN,2015,1,receive,26771649.97,38:28.3,D_DNS
R12_04_LTN,2015,6,receive,26521800,11:07.3,D_SSM
R12_04_LTN,2013,11,receive,26341665,38:07.6,D_DNS
R12_04_LTN,2015,1,receive,26190000,38:28.3,D_DNS
R12_04_LTN,2013,8,receive,26071658,31:53.2,D_DNS
R12_04_LTN,2014,12,receive,25947750,01:22.6,D_DNS
R12_04_LTN,2017,3,receive,24194693,40:54.9,D_MMA
R12_04_LTN,2016,10,receive,24076285,59:46.8,D_MMA
R12_04_LTN,2016,2,receive,23841303.58,28:13.5,D_SSM
R12_04_LTN,2016,2,receive,23841303.58,28:13.5,D_SSM
R12_04_LTN,2013,7,receive,23520000,27:57.6,D_DNS
R12_04_LTN,2015,11,receive,22655000,26:49.5,D_SSM
R12_04_LTN,2015,5,receive,22337618,47:16.0,D_SSM
R12_04_LTN,2014,6,receive,21851550,15:51.9,D_DNS
R12_04_LTN,2014,10,receive,21366160,26:19.7,D_DNS
R12_04_LTN,2015,12,receive,21245131.54,27:18.2,D_SSM
R12_04_LTN,2015,12,receive,21245131.54,27:18.2,D_SSM
R12_04_LTN,2013,7,receive,20863356,27:57.6,D_DNS
R12_04_LTN,2014,1,receive,20419395,14:04.3,D_DNS
R12_04_LTN,2015,2,receive,20111645,08:47.9,D_DNS
R12_04_LTN,2014,4,receive,20020695,15:12.3,D_DNS
R12_04_LTN,2017,2,receive,19379265,04:47.0,D_MMA
R12_04_LTN,2013,6,receive,19230000,26:40.2,D_DNS
R12_04_LTN,2013,6,receive,19230000,26:40.2,D_DNS
R12_04_LTN,2014,11,receive,18965177,26:18.1,D_DNS
R12_04_LTN,2017,3,receive,18914660,40:54.9,D_MMA
R12_04_LTN,2015,3,receive,18862472.63,32:10.3,D_DNS
R12_04_LTN,2013,7,receive,18836714,27:57.6,D_DNS
R12_04_LTN,2015,8,receive,18716393,18:09.1,D_SSM
R12_04_LTN,2016,8,receive,18534705,43:35.4,D_MMA
R12_04_LTN,2016,5,receive,18315000,24:36.5,D_MMA
R12_04_LTN,2015,6,receive,18108181,11:07.3,D_SSM
R12_04_LTN,2015,9,receive,17975349,18:41.2,D_SSM
R12_04_LTN,2015,9,receive,17904976.66,18:41.2,D_SSM
R12_04_LTN,2015,9,receive,17904976.66,18:41.2,D_SSM
R12_04_LTN,2013,8,receive,17832405,31:53.2,D_DNS
R12_04_LTN,2017,1,receive,17236680.37,24:56.2,D_MMA
R12_04_LTN,2017,1,receive,17236680.37,24:56.2,D_MMA
R12_04_LTN,2015,11,receive,16812040,26:49.5,D_SSM
R12_04_LTN,2015,3,receive,16738373,32:10.3,D_DNS
R12_04_LTN,2013,8,receive,16313466,31:53.2,D_DNS
R12_04_LTN,2015,7,receive,16287290,13:51.7,D_SSM
R12_04_LTN,2013,12,receive,15892500,35:15.5,D_DNS4
R12_04_LTN,2015,1,receive,15717195,38:28.3,D_DNS
R12_04_LTN,2017,3,receive,15707008.02,40:54.9,D_MMA
R12_04_LTN,2017,3,receive,15654286,40:54.9,D_MMA
R12_04_LTN,2017,3,receive,15457143,40:54.9,D_MMA
R12_04_LTN,2013,6,receive,14942807,26:40.2,D_DNS
R12_04_LTN,2015,5,receive,14544052,47:16.0,D_SSM
R12_04_LTN,2016,3,receive,14427206,04:04.2,D_SSM
R12_04_LTN,2015,4,receive,14383106,46:47.4,D_SSM
R12_04_LTN,2015,10,receive,14255000,24:30.7,D_SSM
R12_04_LTN,2016,8,receive,14211239,43:35.4,D_MMA
R12_04_LTN,2015,11,receive,14184286,26:49.5,D_SSM
R12_04_LTN,2016,3,receive,14000000,04:04.2,D_SSM
R12_04_LTN,2014,6,receive,13867326,15:51.9,D_DNS
R12_04_LTN,2014,3,receive,13221895,24:56.8,D_DNS
R12_04_LTN,2017,4,receive,13182142,09:45.8,D_MMA
R12_04_LTN,2013,5,receive,13179070,21:17.5,D_DNS
R12_04_LTN,2014,9,receive,13135320,07:55.5,D_DNS
R12_04_LTN,2016,10,receive,13094896.38,59:46.8,D_MMA
R12_04_LTN,2016,7,receive,13025749,54:56.4,D_MMA
R12_04_LTN,2013,4,receive,12956774,21:01.7,D_DNS
R12_04_LTN,2013,8,receive,12840000,31:53.2,D_DNS
R12_04_LTN,2016,9,receive,12475000,15:23.9,D_MMA
R12_04_LTN,2016,8,receive,12330000,43:35.4,D_MMA
R12_04_LTN,2014,8,receive,12324495,25:22.8,D_DNS
R12_04_LTN,2017,6,receive,12189550,54:05.4,D_EKTW
R12_04_LTN,2017,6,receive,12189550,54:05.4,D_EKTW
R12_04_LTN,2014,5,receive,12143314,15:32.3,D_DNS
R12_04_LTN,2016,6,receive,12135122,26:23.7,D_MMA
R12_04_LTN,2014,3,receive,12103465,24:56.8,D_DNS
R12_04_LTN,2014,7,receive,11733140,22:28.9,D_DNS
R12_04_LTN,2015,9,receive,11659013,18:41.2,D_SSM
R12_04_LTN,2015,11,receive,11235474.5,26:49.5,D_SSM
R12_04_LTN,2015,11,receive,11235474.5,26:49.5,D_SSM
R12_04_LTN,2015,10,receive,11029091,24:30.7,D_SSM
R12_04_LTN,2014,5,receive,10939475,15:32.3,D_DNS
R12_04_LTN,2014,6,receive,10780600,15:51.9,D_DNS
R12_04_LTN,2017,5,receive,10720800,37:44.9,D_MMA
R12_04_LTN,2014,5,receive,10705436,15:32.3,D_DNS
R12_04_LTN,2014,6,receive,10636536.78,15:51.9,D_DNS
R12_04_LTN,2016,10,receive,10485055,59:46.8,D_MMA
R12_04_LTN,2017,6,receive,10470000,54:05.4,D_EKTW
R12_04_LTN,2014,4,receive,10392330,15:12.3,D_DNS
R12_04_LTN,2016,3,receive,10222787,04:04.2,D_SSM
R12_04_LTN,2017,1,receive,10049705,24:56.2,D_MMA
R12_04_LTN,2014,2,receive,9975000,00:40.2,D_YYS
R12_04_LTN,2014,7,receive,9717056,22:28.9,D_DNS
R12_04_LTN,2013,12,receive,9695235,35:15.5,D_DNS4
R12_04_LTN,2015,8,receive,9671915,18:09.1,D_SSM
R12_04_LTN,2016,2,receive,9544012,28:13.5,D_SSM
R12_04_LTN,2017,2,receive,9400330,04:47.0,D_MMA
R12_04_LTN,2015,1,receive,9292355,38:28.3,D_DNS
R12_04_LTN,2017,2,receive,9191095,04:47.0,D_MMA
R12_04_LTN,2014,1,receive,9150000,14:04.3,D_DNS
R12_04_LTN,2016,10,receive,9100000,59:46.8,D_MMA
R12_04_LTN,2016,7,receive,9070000,54:56.4,D_MMA
R12_04_LTN,2016,8,receive,9015000,43:35.4,D_MMA
R12_04_LTN,2014,6,receive,9000000,15:51.9,D_DNS
R12_04_LTN,2015,12,receive,8955929,27:18.2,D_SSM
R12_04_LTN,2015,7,receive,8926859,13:51.7,D_SSM
R12_04_LTN,2014,7,receive,8782332,22:28.9,D_DNS
R12_04_LTN,2014,2,receive,8737165,00:40.2,D_YYS
R12_04_LTN,2015,12,receive,8630965,27:18.2,D_SSM
R12_04_LTN,2017,4,receive,8530800,09:45.8,D_MMA
R12_04_LTN,2015,7,receive,8502900,13:51.7,D_SSM
R12_04_LTN,2016,6,receive,8430000,26:23.7,D_MMA
R12_04_LTN,2016,1,receive,8337129.67,27:44.3,D_SSM
R12_04_LTN,2014,11,receive,8330000,26:18.1,D_DNS
R12_04_LTN,2013,5,receive,8167731,21:17.5,D_DNS
R12_04_LTN,2016,12,receive,8094571,07:48.5,D_MMA
R12_04_LTN,2013,11,receive,7952726.45,38:07.6,D_DNS
R12_04_LTN,2017,2,receive,7900000,04:47.0,D_MMA
R12_04_LTN,2016,7,receive,7748239,54:56.4,D_MMA
R12_04_LTN,2015,10,receive,7745741.25,24:30.7,D_SSM
R12_04_LTN,2015,10,receive,7745741.25,24:30.7,D_SSM
R12_04_LTN,2015,7,receive,7585853,13:51.7,D_SSM
R12_04_LTN,2016,11,receive,7566095,59:41.9,D_MMA
R12_04_LTN,2016,8,receive,7523732,43:35.4,D_MMA
R12_04_LTN,2015,4,receive,7447360,46:47.4,D_SSM
R12_04_LTN,2017,2,receive,7440000,04:47.0,D_MMA
R12_04_LTN,2017,5,receive,7400000,37:44.9,D_MMA
R12_04_LTN,2013,9,receive,7368995.88,37:22.8,D_DNS
R12_04_LTN,2014,8,receive,7349915,25:22.8,D_DNS
R12_04_LTN,2014,12,receive,7334145,01:22.6,D_DNS
R12_04_LTN,2015,6,receive,7279960,11:07.3,D_SSM
R12_04_LTN,2015,6,receive,7279960,11:07.3,D_SSM
R12_04_LTN,2014,3,receive,7279608,24:56.8,D_DNS
R12_04_LTN,2015,7,receive,7250476,13:51.7,D_SSM
R12_04_LTN,2015,3,receive,7218676,32:10.3,D_DNS
R12_04_LTN,2015,1,receive,7175571,38:28.3,D_DNS
R12_04_LTN,2017,3,receive,7131323,40:54.9,D_MMA
R12_04_LTN,2015,11,receive,7067740,26:49.5,D_SSM
R12_04_LTN,2017,6,receive,7012281,54:05.4,D_EKTW
R12_04_LTN,2015,8,receive,7000000,18:09.1,D_SSM
R12_04_LTN,2016,10,receive,7000000,59:46.8,D_MMA
R12_04_LTN,2015,2,receive,6956412,08:47.9,D_DNS
R12_04_LTN,2016,12,receive,6881428.9,07:48.5,D_MMA
R12_04_LTN,2016,12,receive,6881428.9,07:48.5,D_MMA
R12_04_LTN,2014,4,receive,6727157,15:12.3,D_DNS
R12_04_LTN,2014,1,receive,6687924,14:04.3,D_DNS
R12_04_LTN,2013,4,receive,6653029,21:01.7,D_DNS
R12_04_LTN,2016,2,receive,6603716,28:13.5,D_SSM
R12_04_LTN,2013,6,receive,6557100,26:40.2,D_DNS
R12_04_LTN,2015,7,receive,6550000,13:51.7,D_SSM
R12_04_LTN,2014,3,receive,6543714,24:56.8,D_DNS
R12_04_LTN,2014,3,receive,6536469,24:56.8,D_DNS
R12_04_LTN,2015,3,receive,6469887,32:10.3,D_DNS
R12_04_LTN,2016,2,receive,6447682,28:13.5,D_SSM
R12_04_LTN,2014,11,receive,6372365,26:18.1,D_DNS
R12_04_LTN,2017,3,receive,6308776,40:54.9,D_MMA
R12_04_LTN,2016,9,receive,6291095,15:23.9,D_MMA
R12_04_LTN,2015,3,receive,6202386,32:10.3,D_DNS
R12_04_LTN,2016,6,receive,6192000,26:23.7,D_MMA
R12_04_LTN,2017,1,receive,6182367,24:56.2,D_MMA
R12_04_LTN,2017,2,receive,6150000,04:47.0,D_MMA
R12_04_LTN,2015,7,receive,6122040,13:51.7,D_SSM
R12_04_LTN,2014,9,receive,6120726.98,07:55.5,D_DNS
R12_04_LTN,2016,10,receive,6094896.38,59:46.8,D_MMA
R12_04_LTN,2013,5,receive,6078995,21:17.5,D_DNS
R12_04_LTN,2016,11,receive,6070061.4,59:41.9,D_MMA
R12_04_LTN,2014,6,receive,6046172,15:51.9,D_DNS
R12_04_LTN,2014,9,receive,6036469.16,07:55.5,D_DNS
R12_04_LTN,2015,2,receive,6021951,08:47.9,D_DNS
R12_04_LTN,2015,6,receive,5998205,11:07.3,D_SSM
R12_04_LTN,2014,8,receive,5966571,25:22.8,D_DNS
R12_04_LTN,2016,7,receive,5902178,54:56.4,D_MMA
R12_04_LTN,2015,4,receive,5868015,46:47.4,D_SSM
R12_04_LTN,2017,5,receive,5868000,37:44.9,D_MMA
R12_04_LTN,2015,8,receive,5858929.34,18:09.1,D_SSM
R12_04_LTN,2013,7,receive,5857723.05,27:57.6,D_DNS
R12_04_LTN,2014,4,receive,5845000,15:12.3,D_DNS
R12_04_LTN,2015,4,receive,5820000,46:47.4,D_SSM
R12_04_LTN,2014,10,receive,5800000,26:19.7,D_DNS
R12_04_LTN,2014,11,receive,5791537.51,26:18.1,D_DNS
R12_04_LTN,2014,11,receive,5791537.51,26:18.1,D_DNS
R12_04_LTN,2017,2,receive,5754450,04:47.0,D_MMA
R12_04_LTN,2014,12,receive,5736160,01:22.6,D_DNS
R12_04_LTN,2013,11,receive,5722867,38:07.6,D_DNS
R12_04_LTN,2016,7,receive,5684541.6,54:56.4,D_MMA
R12_04_LTN,2016,11,receive,5677080,59:41.9,D_MMA
R12_04_LTN,2016,1,receive,5647235,27:44.3,D_SSM
R12_04_LTN,2013,4,receive,5621935,21:01.7,D_DNS
R12_04_LTN,2013,5,receive,5581825,21:17.5,D_DNS
R12_04_LTN,2015,3,receive,5575000,32:10.3,D_DNS
R12_04_LTN,2017,6,receive,5504760,54:05.4,D_EKTW
R12_04_LTN,2017,3,receive,5482691,40:54.9,D_MMA
R12_04_LTN,2015,5,receive,5461305,47:16.0,D_SSM
R12_04_LTN,2016,2,receive,5454629,28:13.5,D_SSM
R12_04_LTN,2016,6,receive,5409953,26:23.7,D_MMA
R12_04_LTN,2015,1,receive,5403946,38:28.3,D_DNS
R12_04_LTN,2016,11,receive,5273305,59:41.9,D_MMA
R12_04_LTN,2017,2,receive,5238700,04:47.0,D_MMA
R12_04_LTN,2016,1,receive,5191586,27:44.3,D_SSM
R12_04_LTN,2016,8,receive,5176286,43:35.4,D_MMA
R12_04_LTN,2016,10,receive,5157215,59:46.8,D_MMA
R12_04_LTN,2013,5,receive,5145000,21:17.5,D_DNS
R12_04_LTN,2015,12,receive,5142742,27:18.2,D_SSM
R12_04_LTN,2016,12,receive,5086564,07:48.5,D_MMA
R12_04_LTN,2017,2,receive,4993928,04:47.0,D_MMA
R12_04_LTN,2016,11,receive,4904066,59:41.9,D_MMA
R12_04_LTN,2017,1,receive,4900000,24:56.2,D_MMA
R12_04_LTN,2016,7,receive,4819900,54:56.4,D_MMA
R12_04_LTN,2017,2,receive,4816852,04:47.0,D_MMA
R12_04_LTN,2014,8,receive,4803326.5,25:22.8,D_DNS
R12_04_LTN,2014,2,receive,4738612,00:40.2,D_YYS
R12_04_LTN,2015,8,receive,4697143,18:09.1,D_SSM
R12_04_LTN,2013,9,receive,4695000,37:22.8,D_DNS
R12_04_LTN,2016,11,receive,4662453.3,59:41.9,D_MMA
R12_04_LTN,2016,11,receive,4662453.3,59:41.9,D_MMA
R12_04_LTN,2016,3,receive,4641645,04:04.2,D_SSM
R12_04_LTN,2014,3,receive,4640000,24:56.8,D_DNS
R12_04_LTN,2017,1,receive,4632537,24:56.2,D_MMA
R12_04_LTN,2015,6,receive,4614447,11:07.3,D_SSM
R12_04_LTN,2015,12,receive,4547541,27:18.2,D_SSM
R12_04_LTN,2013,7,receive,4530652.84,27:57.6,D_DNS
R12_04_LTN,2016,3,receive,4530000,04:04.2,D_SSM
R12_04_LTN,2017,2,receive,4512000,04:47.0,D_MMA
R12_04_LTN,2013,12,receive,4464063,35:15.5,D_DNS4
R12_04_LTN,2015,2,receive,4430700,08:47.9,D_DNS
R12_04_LTN,2014,2,receive,4390164,00:40.2,D_YYS
R12_04_LTN,2013,12,receive,4372086,35:15.5,D_DNS4
R12_04_LTN,2017,5,receive,4328572,37:44.9,D_MMA
R12_04_LTN,2014,1,receive,4320467,14:04.3,D_DNS
R12_04_LTN,2016,3,receive,4300000,04:04.2,D_SSM
R12_04_LTN,2014,5,receive,4239702,15:32.3,D_DNS
R12_04_LTN,2015,7,expense,4237612.9,13:51.7,D_SSM
R12_04_LTN,2014,3,receive,4192071.18,24:56.8,D_DNS
R12_04_LTN,2016,9,receive,4172864,15:23.9,D_MMA
R12_04_LTN,2015,5,receive,4171071,47:16.0,D_SSM
R12_04_LTN,2013,4,receive,4154806.14,21:01.7,D_DNS
R12_04_LTN,2016,10,receive,4125569.62,59:46.8,D_MMA
R12_04_LTN,2016,2,receive,4100000,28:13.5,D_SSM
R12_04_LTN,2016,1,receive,4100000,27:44.3,D_SSM
R12_04_LTN,2015,6,expense,4054000,11:07.3,D_SSM
R12_04_LTN,2016,10,receive,4048805,59:46.8,D_MMA
R12_04_LTN,2015,10,expense,3996500,24:30.7,D_SSM
R12_04_LTN,2015,8,expense,3996500,18:09.1,D_SSM
R12_04_LTN,2015,9,expense,3996500,18:41.2,D_SSM
R12_04_LTN,2013,11,receive,3960000,38:07.6,D_DNS
R12_04_LTN,2016,8,expense,3946064.52,43:35.4,D_MMA
R12_04_LTN,2015,11,expense,3946024.19,26:49.5,D_SSM
R12_04_LTN,2017,5,expense,3921000,37:44.9,D_MMA
R12_04_LTN,2017,4,receive,3900000,09:45.8,D_MMA
R12_04_LTN,2016,7,expense,3887935.48,54:56.4,D_MMA
R12_04_LTN,2016,11,receive,3887199,59:41.9,D_MMA
R12_04_LTN,2016,3,expense,3847193.55,04:04.2,D_SSM
R12_04_LTN,2016,2,expense,3847000,28:13.5,D_SSM
R12_04_LTN,2016,1,expense,3847000,27:44.3,D_SSM
R12_04_LTN,2015,12,expense,3847000,27:18.2,D_SSM
R12_04_LTN,2014,12,receive,3843054,01:22.6,D_DNS
R12_04_LTN,2014,9,receive,3826048,07:55.5,D_DNS
R12_04_LTN,2016,11,expense,3817354.84,59:41.9,D_MMA
R12_04_LTN,2016,12,expense,3811472.43,07:48.5,D_MMA
R12_04_LTN,2017,1,receive,3805000,24:56.2,D_MMA
R12_04_LTN,2016,10,expense,3803935.48,59:46.8,D_MMA
R12_04_LTN,2016,9,expense,3792703.91,15:23.9,D_MMA
R12_04_LTN,2016,12,receive,3789000,07:48.5,D_MMA
R12_04_LTN,2016,9,receive,3781000,15:23.9,D_MMA
R12_04_LTN,2014,9,receive,3758566,07:55.5,D_DNS
R12_04_LTN,2016,12,receive,3740544,07:48.5,D_MMA
R12_04_LTN,2013,7,receive,3720000,27:57.6,D_DNS
R12_04_LTN,2017,3,expense,3637000,40:54.9,D_MMA
R12_04_LTN,2017,4,expense,3637000,09:45.8,D_MMA
R12_04_LTN,2017,2,expense,3636571.43,04:47.0,D_MMA
R12_04_LTN,2017,1,expense,3635000,24:56.2,D_MMA
R12_04_LTN,2017,1,receive,3634060,24:56.2,D_MMA
R12_04_LTN,2016,6,expense,3609400,26:23.7,D_MMA
R12_04_LTN,2016,5,expense,3608612.89,24:36.5,D_MMA
R12_04_LTN,2016,2,receive,3608581,28:13.5,D_SSM
R12_04_LTN,2016,7,receive,3580000,54:56.4,D_MMA
R12_04_LTN,2017,6,expense,3562466.66,54:05.4,D_EKTW
R12_04_LTN,2016,1,receive,3552938,27:44.3,D_SSM
R12_04_LTN,2014,9,receive,3540224,07:55.5,D_DNS
R12_04_LTN,2014,12,receive,3512055,01:22.6,D_DNS
R12_04_LTN,2014,1,receive,3479619,14:04.3,D_DNS
R12_04_LTN,2015,5,expense,3479316.67,47:16.0,D_SSM
R12_04_LTN,2016,12,receive,3431382.96,07:48.5,D_MMA
R12_04_LTN,2017,4,receive,3399005,09:45.8,D_MMA
R12_04_LTN,2014,1,receive,3392254,14:04.3,D_DNS
R12_04_LTN,2015,6,receive,3391415,11:07.3,D_SSM
R12_04_LTN,2016,12,receive,3388860,07:48.5,D_MMA
R12_04_LTN,2015,7,receive,3387779,13:51.7,D_SSM
R12_04_LTN,2013,9,receive,3376000,37:22.8,D_DNS
R12_04_LTN,2015,4,expense,3343525.26,46:47.4,D_SSM
R12_04_LTN,2013,12,receive,3335926.8,35:15.5,D_DNS4
R12_04_LTN,2016,1,receive,3318000,27:44.3,D_SSM
R12_04_LTN,2016,11,receive,3301193.5,59:41.9,D_MMA
R12_04_LTN,2015,10,receive,3285000,24:30.7,D_SSM
R12_04_LTN,2016,10,receive,3282415,59:46.8,D_MMA
R12_04_LTN,2013,12,receive,3271005,35:15.5,D_DNS4
R12_04_LTN,2015,12,receive,3265000,27:18.2,D_SSM
R12_04_LTN,2014,11,receive,3246318,26:18.1,D_DNS
R12_04_LTN,2017,6,receive,3238567,54:05.4,D_EKTW
R12_04_LTN,2015,3,receive,3230000,32:10.3,D_DNS
R12_04_LTN,2016,8,receive,3175480,43:35.4,D_MMA
R12_04_LTN,2014,12,receive,3145000,01:22.6,D_DNS
R12_04_LTN,2016,10,receive,3113000,59:46.8,D_MMA
R12_04_LTN,2014,3,receive,3109523,24:56.8,D_DNS
R12_04_LTN,2017,3,receive,3100000,40:54.9,D_MMA
R12_04_LTN,2016,12,receive,3077797,07:48.5,D_MMA
R12_04_LTN,2014,2,receive,3070952,00:40.2,D_YYS
R12_04_LTN,2015,9,receive,3020500,18:41.2,D_SSM
R12_04_LTN,2014,10,receive,3020016,26:19.7,D_DNS
R12_04_LTN,2016,3,receive,3016900,04:04.2,D_SSM
R12_04_LTN,2016,2,receive,3000000,28:13.5,D_SSM
R12_04_LTN,2016,9,receive,3000000,15:23.9,D_MMA
R12_04_LTN,2016,9,receive,2966990,15:23.9,D_MMA
R12_04_LTN,2015,7,receive,2959121.78,13:51.7,D_SSM
R12_04_LTN,2014,11,receive,2938730,26:18.1,D_DNS
R12_04_LTN,2015,12,receive,2897000,27:18.2,D_SSM
R12_04_LTN,2013,10,receive,2866930,37:41.8,D_DNS
R12_04_LTN,2014,2,receive,2846480,00:40.2,D_YYS
R12_04_LTN,2015,8,receive,2810582,18:09.1,D_SSM
R12_04_LTN,2015,2,receive,2809523,08:47.9,D_DNS
R12_04_LTN,2016,12,receive,2808929,07:48.5,D_MMA
R12_04_LTN,2014,2,receive,2800000,00:40.2,D_YYS
R12_04_LTN,2016,9,receive,2794930,15:23.9,D_MMA
R12_04_LTN,2015,11,receive,2792714,26:49.5,D_SSM
R12_04_LTN,2014,9,receive,2790000,07:55.5,D_DNS
R12_04_LTN,2016,5,receive,2699000,24:36.5,D_MMA
R12_04_LTN,2013,10,receive,2695500,37:41.8,D_DNS
R12_04_LTN,2013,10,receive,2611305,37:41.8,D_DNS
R12_04_LTN,2016,11,receive,2568286,59:41.9,D_MMA
R12_04_LTN,2014,9,receive,2555000,07:55.5,D_DNS
R12_04_LTN,2015,1,receive,2545238,38:28.3,D_DNS
R12_04_LTN,2017,2,receive,2544480,04:47.0,D_MMA
R12_04_LTN,2014,12,receive,2539571,01:22.6,D_DNS
R12_04_LTN,2015,1,receive,2520000,38:28.3,D_DNS
R12_04_LTN,2014,1,receive,2461928,14:04.3,D_DNS
R12_04_LTN,2015,3,receive,2460000,32:10.3,D_DNS
R12_04_LTN,2016,6,receive,2452670.45,26:23.7,D_MMA
R12_04_LTN,2016,6,receive,2452670.45,26:23.7,D_MMA
R12_04_LTN,2015,11,receive,2450000,26:49.5,D_SSM
R12_04_LTN,2016,8,receive,2419697,43:35.4,D_MMA
R12_04_LTN,2016,8,receive,2419697,43:35.4,D_MMA
R12_04_LTN,2014,2,receive,2401200,00:40.2,D_YYS
R12_04_LTN,2016,8,receive,2400000,43:35.4,D_MMA
R12_04_LTN,2015,9,receive,2400000,18:41.2,D_SSM
R12_04_LTN,2014,3,receive,2385238,24:56.8,D_DNS
R12_04_LTN,2014,7,receive,2373739,22:28.9,D_DNS
R12_04_LTN,2016,5,receive,2340000,24:36.5,D_MMA
R12_04_LTN,2014,2,receive,2305000,00:40.2,D_YYS
R12_04_LTN,2013,9,receive,2263138,37:22.8,D_DNS
R12_04_LTN,2017,1,receive,2217200,24:56.2,D_MMA
R12_04_LTN,2016,10,receive,2214259,59:46.8,D_MMA
R12_04_LTN,2016,7,receive,2210405,54:56.4,D_MMA
R12_04_LTN,2013,11,receive,2200000,38:07.6,D_DNS
R12_04_LTN,2015,2,receive,2200000,08:47.9,D_DNS
R12_04_LTN,2014,10,expense,2148086.02,26:19.7,D_DNS
R12_04_LTN,2015,10,receive,2135162,24:30.7,D_SSM
R12_04_LTN,2017,6,receive,2100000,54:05.4,D_EKTW
R12_04_LTN,2013,10,receive,2090596.01,37:41.8,D_DNS
R12_04_LTN,2015,8,receive,2073262,18:09.1,D_SSM
R12_04_LTN,2016,8,receive,2057143,43:35.4,D_MMA
R12_04_LTN,2014,7,receive,2056049.8,22:28.9,D_DNS
R12_04_LTN,2014,4,receive,2053500,15:12.3,D_DNS
R12_04_LTN,2015,8,receive,2040453,18:09.1,D_SSM
R12_04_LTN,2013,11,receive,2030885,38:07.6,D_DNS
R12_04_LTN,2015,9,receive,2030340,18:41.2,D_SSM
R12_04_LTN,2013,12,receive,2020373,35:15.5,D_DNS4
R12_04_LTN,2017,2,receive,2019472,04:47.0,D_MMA
R12_04_LTN,2014,6,expense,2013704.3,15:51.9,D_DNS
R12_04_LTN,2014,7,expense,2008500.51,22:28.9,D_DNS
R12_04_LTN,2014,11,receive,2003690,26:18.1,D_DNS
R12_04_LTN,2015,12,receive,2002464.83,27:18.2,D_SSM
R12_04_LTN,2016,9,receive,1999313,15:23.9,D_MMA
R12_04_LTN,2016,2,receive,1967000,28:13.5,D_SSM
R12_04_LTN,2015,2,receive,1959597,08:47.9,D_DNS
R12_04_LTN,2014,8,expense,1952516.13,25:22.8,D_DNS
R12_04_LTN,2014,10,receive,1941353,26:19.7,D_DNS
R12_04_LTN,2014,11,expense,1938000,26:18.1,D_DNS
R12_04_LTN,2015,1,expense,1938000,38:28.3,D_DNS
R12_04_LTN,2014,12,expense,1938000,01:22.6,D_DNS
R12_04_LTN,2015,2,expense,1938000,08:47.9,D_DNS
R12_04_LTN,2015,9,receive,1933191,18:41.2,D_SSM
R12_04_LTN,2014,10,receive,1926352,26:19.7,D_DNS
R12_04_LTN,2015,3,receive,1924000,32:10.3,D_DNS
R12_04_LTN,2017,1,receive,1911192,24:56.2,D_MMA
R12_04_LTN,2015,3,expense,1910516.13,32:10.3,D_DNS
R12_04_LTN,2016,12,receive,1910000,07:48.5,D_MMA
R12_04_LTN,2014,9,receive,1880476,07:55.5,D_DNS
R12_04_LTN,2016,1,receive,1872000,27:44.3,D_SSM
R12_04_LTN,2017,3,receive,1870000,40:54.9,D_MMA
R12_04_LTN,2016,3,receive,1868400,04:04.2,D_SSM
R12_04_LTN,2014,2,receive,1860168,00:40.2,D_YYS
R12_04_LTN,2015,2,receive,1850193,08:47.9,D_DNS
R12_04_LTN,2016,6,receive,1824262,26:23.7,D_MMA
R12_04_LTN,2015,10,receive,1820000,24:30.7,D_SSM
R12_04_LTN,2016,12,receive,1819900,07:48.5,D_MMA
R12_04_LTN,2014,5,expense,1812397.85,15:32.3,D_DNS
R12_04_LTN,2016,12,receive,1800000,07:48.5,D_MMA
R12_04_LTN,2014,9,expense,1798000,07:55.5,D_DNS
R12_04_LTN,2015,1,receive,1761648,38:28.3,D_DNS
R12_04_LTN,2014,4,expense,1760010.24,15:12.3,D_DNS
R12_04_LTN,2015,2,receive,1750181,08:47.9,D_DNS
R12_04_LTN,2016,10,receive,1750000,59:46.8,D_MMA
R12_04_LTN,2013,11,receive,1747200,38:07.6,D_DNS
R12_04_LTN,2015,1,receive,1745208,38:28.3,D_DNS
R12_04_LTN,2014,11,receive,1735714,26:18.1,D_DNS
R12_04_LTN,2015,9,receive,1734270,18:41.2,D_SSM
R12_04_LTN,2017,6,receive,1734270,54:05.4,D_EKTW
R12_04_LTN,2015,10,receive,1730500,24:30.7,D_SSM
R12_04_LTN,2015,2,receive,1730000,08:47.9,D_DNS
R12_04_LTN,2014,12,receive,1728096,01:22.6,D_DNS
R12_04_LTN,2015,10,receive,1709560.59,24:30.7,D_SSM
R12_04_LTN,2014,7,receive,1692000,22:28.9,D_DNS
R12_04_LTN,2014,1,receive,1690974.47,14:04.3,D_DNS
R12_04_LTN,2016,7,receive,1662857,54:56.4,D_MMA
R12_04_LTN,2017,4,receive,1651705,09:45.8,D_MMA
R12_04_LTN,2016,9,receive,1651352,15:23.9,D_MMA
R12_04_LTN,2014,10,receive,1640952,26:19.7,D_DNS
R12_04_LTN,2017,2,receive,1640000,04:47.0,D_MMA
R12_04_LTN,2016,8,receive,1630000,43:35.4,D_MMA
R12_04_LTN,2013,8,receive,1628000,31:53.2,D_DNS
R12_04_LTN,2016,11,receive,1600000,59:41.9,D_MMA
R12_04_LTN,2015,10,receive,1600000,24:30.7,D_SSM
R12_04_LTN,2017,4,receive,1600000,09:45.8,D_MMA
R12_04_LTN,2015,9,receive,1598352,18:41.2,D_SSM
R12_04_LTN,2015,9,receive,1582814,18:41.2,D_SSM
R12_04_LTN,2013,12,receive,1581707,35:15.5,D_DNS4
R12_04_LTN,2013,8,receive,1568000,31:53.2,D_DNS
R12_04_LTN,2014,5,receive,1567577.64,15:32.3,D_DNS
R12_04_LTN,2016,8,receive,1561600,43:35.4,D_MMA
R12_04_LTN,2015,12,receive,1560000,27:18.2,D_SSM
R12_04_LTN,2014,11,receive,1513540,26:18.1,D_DNS
R12_04_LTN,2015,6,receive,1500000,11:07.3,D_SSM
R12_04_LTN,2016,11,receive,1500000,59:41.9,D_MMA
R12_04_LTN,2016,1,receive,1493400,27:44.3,D_SSM
R12_04_LTN,2013,8,receive,1488063,31:53.2,D_DNS
R12_04_LTN,2016,2,receive,1483143,28:13.5,D_SSM
R12_04_LTN,2013,12,receive,1467659.38,35:15.5,D_DNS4
R12_04_LTN,2015,11,receive,1458000,26:49.5,D_SSM
R12_04_LTN,2017,5,receive,1457190,37:44.9,D_MMA
R12_04_LTN,2014,2,expense,1456000,00:40.2,D_YYS
R12_04_LTN,2014,3,expense,1456000,24:56.8,D_DNS
R12_04_LTN,2014,6,receive,1449480,15:51.9,D_DNS
R12_04_LTN,2015,5,receive,1440000,47:16.0,D_SSM
R12_04_LTN,2013,5,expense,1439129,21:17.5,D_DNS
R12_04_LTN,2013,4,expense,1437322.58,21:01.7,D_DNS
R12_04_LTN,2013,6,expense,1436000,26:40.2,D_DNS
R12_04_LTN,2015,12,receive,1430000,27:18.2,D_SSM
R12_04_LTN,2014,1,expense,1429225.79,14:04.3,D_DNS
R12_04_LTN,2013,11,expense,1417000,38:07.6,D_DNS
R12_04_LTN,2013,12,expense,1417000,35:15.5,D_DNS4
R12_04_LTN,2013,10,expense,1417000,37:41.8,D_DNS
R12_04_LTN,2015,6,receive,1413000,11:07.3,D_SSM
R12_04_LTN,2015,6,receive,1387221,11:07.3,D_SSM
R12_04_LTN,2015,7,receive,1387200.49,13:51.7,D_SSM
R12_04_LTN,2015,7,receive,1387200.49,13:51.7,D_SSM
R12_04_LTN,2013,10,receive,1372599,37:41.8,D_DNS
R12_04_LTN,2016,6,receive,1371689,26:23.7,D_MMA
R12_04_LTN,2013,7,expense,1356322.54,27:57.6,D_DNS
R12_04_LTN,2017,5,receive,1330000,37:44.9,D_MMA
R12_04_LTN,2015,6,receive,1300000,11:07.3,D_SSM
R12_04_LTN,2015,7,receive,1290715,13:51.7,D_SSM
R12_04_LTN,2013,9,receive,1288358.97,37:22.8,D_DNS
R12_04_LTN,2015,11,receive,1272609,26:49.5,D_SSM
R12_04_LTN,2015,3,receive,1252699,32:10.3,D_DNS
R12_04_LTN,2016,12,receive,1250000,07:48.5,D_MMA
R12_04_LTN,2016,10,receive,1250000,59:46.8,D_MMA
R12_04_LTN,2015,5,receive,1229588,47:16.0,D_SSM
R12_04_LTN,2016,8,receive,1229195,43:35.4,D_MMA
R12_04_LTN,2013,8,receive,1217923.55,31:53.2,D_DNS
R12_04_LTN,2014,2,receive,1200476,00:40.2,D_YYS
R12_04_LTN,2016,9,receive,1200000,15:23.9,D_MMA
R12_04_LTN,2015,3,receive,1200000,32:10.3,D_DNS
R12_04_LTN,2015,12,receive,1200000,27:18.2,D_SSM
R12_04_LTN,2015,10,receive,1200000,24:30.7,D_SSM
R12_04_LTN,2013,8,expense,1179967.74,31:53.2,D_DNS
R12_04_LTN,2014,8,receive,1170000,25:22.8,D_DNS
R12_04_LTN,2014,5,receive,1161000,15:32.3,D_DNS
R12_04_LTN,2014,1,receive,1151572,14:04.3,D_DNS
R12_04_LTN,2015,8,receive,1151500,18:09.1,D_SSM
R12_04_LTN,2017,5,receive,1142857,37:44.9,D_MMA
R12_04_LTN,2017,4,receive,1140000,09:45.8,D_MMA
R12_04_LTN,2015,6,receive,1137017,11:07.3,D_SSM
R12_04_LTN,2013,6,receive,1132000,26:40.2,D_DNS
R12_04_LTN,2013,11,receive,1129380,38:07.6,D_DNS
R12_04_LTN,2013,9,expense,1123000,37:22.8,D_DNS
R12_04_LTN,2014,8,receive,1120000,25:22.8,D_DNS
R12_04_LTN,2017,4,receive,1119553,09:45.8,D_MMA
R12_04_LTN,2017,4,receive,1119553,09:45.8,D_MMA
R12_04_LTN,2015,1,receive,1116278,38:28.3,D_DNS
R12_04_LTN,2013,8,receive,1090880,31:53.2,D_DNS
R12_04_LTN,2016,7,receive,1085471,54:56.4,D_MMA
R12_04_LTN,2016,7,receive,1085471,54:56.4,D_MMA
R12_04_LTN,2016,7,receive,1057143,54:56.4,D_MMA
R12_04_LTN,2014,2,receive,1050000,00:40.2,D_YYS
R12_04_LTN,2013,10,receive,1019485,37:41.8,D_DNS
R12_04_LTN,2014,3,receive,1000000,24:56.8,D_DNS
R12_04_LTN,2013,5,receive,1000000,21:17.5,D_DNS
R12_04_LTN,2014,10,receive,1000000,26:19.7,D_DNS
R12_04_LTN,2016,6,receive,1000000,26:23.7,D_MMA
R12_04_LTN,2016,5,receive,1000000,24:36.5,D_MMA
R12_04_LTN,2017,3,receive,1000000,40:54.9,D_MMA
R12_04_LTN,2014,12,receive,988095,01:22.6,D_DNS
R12_04_LTN,2013,5,receive,975820.24,21:17.5,D_DNS
R12_04_LTN,2016,5,receive,967348,24:36.5,D_MMA
R12_04_LTN,2015,9,receive,961904,18:41.2,D_SSM
R12_04_LTN,2014,9,receive,959680,07:55.5,D_DNS
R12_04_LTN,2016,11,receive,953000,59:41.9,D_MMA
R12_04_LTN,2013,7,receive,939400,27:57.6,D_DNS
R12_04_LTN,2014,10,receive,928571,26:19.7,D_DNS
R12_04_LTN,2014,3,receive,909600,24:56.8,D_DNS
R12_04_LTN,2016,5,receive,907000,24:36.5,D_MMA
R12_04_LTN,2014,12,receive,904364,01:22.6,D_DNS
R12_04_LTN,2014,7,receive,895000,22:28.9,D_DNS
R12_04_LTN,2013,9,receive,894000,37:22.8,D_DNS
R12_04_LTN,2017,4,receive,889563,09:45.8,D_MMA
R12_04_LTN,2016,7,receive,875000,54:56.4,D_MMA
R12_04_LTN,2014,12,receive,873120,01:22.6,D_DNS
R12_04_LTN,2015,8,receive,870921,18:09.1,D_SSM
R12_04_LTN,2013,12,receive,870000,35:15.5,D_DNS4
R12_04_LTN,2015,10,receive,854888,24:30.7,D_SSM
R12_04_LTN,2014,10,receive,850000,26:19.7,D_DNS
R12_04_LTN,2016,8,receive,815269,43:35.4,D_MMA
R12_04_LTN,2014,8,receive,810527,25:22.8,D_DNS
R12_04_LTN,2017,1,receive,810000,24:56.2,D_MMA
R12_04_LTN,2016,12,receive,801088,07:48.5,D_MMA
R12_04_LTN,2016,3,receive,793280,04:04.2,D_SSM
R12_04_LTN,2014,10,receive,788570,26:19.7,D_DNS
R12_04_LTN,2013,6,receive,778963.19,26:40.2,D_DNS
R12_04_LTN,2015,11,receive,775000,26:49.5,D_SSM
R12_04_LTN,2013,7,receive,765915,27:57.6,D_DNS
R12_04_LTN,2014,4,receive,765000,15:12.3,D_DNS
R12_04_LTN,2014,3,receive,750000,24:56.8,D_DNS
R12_04_LTN,2013,5,receive,737215,21:17.5,D_DNS
R12_04_LTN,2014,11,receive,729773,26:18.1,D_DNS
R12_04_LTN,2017,5,receive,728604,37:44.9,D_MMA
R12_04_LTN,2013,4,receive,720000,21:01.7,D_DNS
R12_04_LTN,2015,12,receive,715000,27:18.2,D_SSM
R12_04_LTN,2016,11,receive,700481,59:41.9,D_MMA
R12_04_LTN,2014,9,receive,700000,07:55.5,D_DNS
R12_04_LTN,2014,10,receive,688692.96,26:19.7,D_DNS
R12_04_LTN,2013,8,receive,680000,31:53.2,D_DNS
R12_04_LTN,2015,4,receive,677202,46:47.4,D_SSM
R12_04_LTN,2016,6,receive,675000,26:23.7,D_MMA
R12_04_LTN,2014,3,receive,670000,24:56.8,D_DNS
R12_04_LTN,2015,4,receive,669432,46:47.4,D_SSM
R12_04_LTN,2015,4,receive,669432,46:47.4,D_SSM
R12_04_LTN,2014,2,receive,668277.04,00:40.2,D_YYS
R12_04_LTN,2016,7,receive,666095,54:56.4,D_MMA
R12_04_LTN,2015,5,receive,660146,47:16.0,D_SSM
R12_04_LTN,2015,5,receive,660146,47:16.0,D_SSM
R12_04_LTN,2016,10,receive,660000,59:46.8,D_MMA
R12_04_LTN,2016,5,receive,649235,24:36.5,D_MMA
R12_04_LTN,2014,6,expense,630000,15:51.9,D_DNS
R12_04_LTN,2014,7,expense,626129.03,22:28.9,D_DNS
R12_04_LTN,2014,8,expense,600000,25:22.8,D_DNS
R12_04_LTN,2017,1,receive,600000,24:56.2,D_MMA
R12_04_LTN,2017,6,receive,600000,54:05.4,D_EKTW
R12_04_LTN,2017,2,receive,600000,04:47.0,D_MMA
R12_04_LTN,2016,6,receive,591963.02,26:23.7,D_MMA
R12_04_LTN,2013,12,receive,590000,35:15.5,D_DNS4
R12_04_LTN,2014,10,expense,570000,26:19.7,D_DNS
R12_04_LTN,2014,11,expense,570000,26:18.1,D_DNS
R12_04_LTN,2014,12,expense,570000,01:22.6,D_DNS
R12_04_LTN,2015,1,expense,570000,38:28.3,D_DNS
R12_04_LTN,2015,2,expense,570000,08:47.9,D_DNS
R12_04_LTN,2014,4,receive,566628.98,15:12.3,D_DNS
R12_04_LTN,2015,3,expense,564193.55,32:10.3,D_DNS
R12_04_LTN,2017,3,receive,562000,40:54.9,D_MMA
R12_04_LTN,2013,10,receive,561904,37:41.8,D_DNS
R12_04_LTN,2014,1,receive,560000,14:04.3,D_DNS
R12_04_LTN,2014,3,expense,560000,24:56.8,D_DNS
R12_04_LTN,2015,3,receive,560000,32:10.3,D_DNS
R12_04_LTN,2014,5,expense,557419.35,15:32.3,D_DNS
R12_04_LTN,2014,1,receive,556191,14:04.3,D_DNS
R12_04_LTN,2015,6,receive,550000,11:07.3,D_SSM
R12_04_LTN,2013,11,receive,546500,38:07.6,D_DNS
R12_04_LTN,2013,10,receive,545040,37:41.8,D_DNS
R12_04_LTN,2013,10,expense,540000,37:41.8,D_DNS
R12_04_LTN,2013,12,expense,540000,35:15.5,D_DNS4
R12_04_LTN,2013,11,expense,540000,38:07.6,D_DNS
R12_04_LTN,2014,2,expense,540000,00:40.2,D_YYS
R12_04_LTN,2014,1,expense,540000,14:04.3,D_DNS
R12_04_LTN,2013,4,expense,540000,21:01.7,D_DNS
R12_04_LTN,2013,6,expense,540000,26:40.2,D_DNS
R12_04_LTN,2013,5,expense,540000,21:17.5,D_DNS
R12_04_LTN,2014,3,expense,540000,24:56.8,D_DNS
R12_04_LTN,2014,4,expense,540000,15:12.3,D_DNS
R12_04_LTN,2014,9,expense,540000,07:55.5,D_DNS
R12_04_LTN,2013,9,receive,534970,37:22.8,D_DNS
R12_04_LTN,2016,12,receive,530000,07:48.5,D_MMA
R12_04_LTN,2015,3,receive,523810,32:10.3,D_DNS
R12_04_LTN,2013,7,expense,521612.9,27:57.6,D_DNS
R12_04_LTN,2016,1,receive,515000,27:44.3,D_SSM
R12_04_LTN,2015,4,receive,506278,46:47.4,D_SSM
R12_04_LTN,2013,8,receive,501229,31:53.2,D_DNS
R12_04_LTN,2013,11,receive,500000,38:07.6,D_DNS
R12_04_LTN,2013,11,receive,490000,38:07.6,D_DNS
R12_04_LTN,2015,4,receive,486125,46:47.4,D_SSM
R12_04_LTN,2016,2,receive,476595.67,28:13.5,D_SSM
R12_04_LTN,2015,3,expense,472152.84,32:10.3,D_DNS
R12_04_LTN,2015,1,receive,471500,38:28.3,D_DNS
R12_04_LTN,2015,11,receive,465260,26:49.5,D_SSM
R12_04_LTN,2016,11,receive,459500,59:41.9,D_MMA
R12_04_LTN,2014,11,receive,454524,26:18.1,D_DNS
R12_04_LTN,2014,3,receive,451273,24:56.8,D_DNS
R12_04_LTN,2013,10,receive,450000,37:41.8,D_DNS
R12_04_LTN,2013,8,expense,450000,31:53.2,D_DNS
R12_04_LTN,2014,8,receive,446542.64,25:22.8,D_DNS
R12_04_LTN,2014,9,receive,445238,07:55.5,D_DNS
R12_04_LTN,2014,12,receive,445000,01:22.6,D_DNS
R12_04_LTN,2014,5,receive,441566,15:32.3,D_DNS
R12_04_LTN,2016,1,expense,434900,27:44.3,D_SSM
R12_04_LTN,2017,4,receive,430000,09:45.8,D_MMA
R12_04_LTN,2015,10,receive,426703,24:30.7,D_SSM
R12_04_LTN,2017,1,receive,423000,24:56.2,D_MMA
R12_04_LTN,2017,3,receive,421740,40:54.9,D_MMA
R12_04_LTN,2013,9,expense,420000,37:22.8,D_DNS
R12_04_LTN,2013,7,receive,418000,27:57.6,D_DNS
R12_04_LTN,2014,8,receive,413429,25:22.8,D_DNS
R12_04_LTN,2016,12,receive,410000,07:48.5,D_MMA
R12_04_LTN,2013,12,receive,405000,35:15.5,D_DNS4
R12_04_LTN,2016,7,receive,399886,54:56.4,D_MMA
R12_04_LTN,2015,5,receive,395592,47:16.0,D_SSM
R12_04_LTN,2015,9,receive,391559.11,18:41.2,D_SSM
R12_04_LTN,2016,9,receive,378400,15:23.9,D_MMA
R12_04_LTN,2014,2,receive,376191,00:40.2,D_YYS
R12_04_LTN,2014,11,receive,367000,26:18.1,D_DNS
R12_04_LTN,2015,11,expense,351700,26:49.5,D_SSM
R12_04_LTN,2013,4,receive,350000,21:01.7,D_DNS
R12_04_LTN,2017,3,expense,350000,40:54.9,D_MMA
R12_04_LTN,2016,9,receive,347500,15:23.9,D_MMA
R12_04_LTN,2015,11,receive,347084.67,26:49.5,D_SSM
R12_04_LTN,2016,8,receive,345000,43:35.4,D_MMA
R12_04_LTN,2015,6,receive,334063.78,11:07.3,D_SSM
R12_04_LTN,2017,1,receive,330001,24:56.2,D_MMA
R12_04_LTN,2016,5,receive,328518,24:36.5,D_MMA
R12_04_LTN,2016,5,receive,328518,24:36.5,D_MMA
R12_04_LTN,2013,4,receive,325000,21:01.7,D_DNS
R12_04_LTN,2015,6,receive,315000,11:07.3,D_SSM
R12_04_LTN,2017,5,receive,310569,37:44.9,D_MMA
R12_04_LTN,2015,4,receive,302619,46:47.4,D_SSM
R12_04_LTN,2014,7,receive,300000,22:28.9,D_DNS
R12_04_LTN,2014,5,receive,300000,15:32.3,D_DNS
R12_04_LTN,2017,6,receive,300000,54:05.4,D_EKTW
R12_04_LTN,2014,4,receive,297000,15:12.3,D_DNS
R12_04_LTN,2013,7,receive,295924,27:57.6,D_DNS
R12_04_LTN,2014,7,receive,290000,22:28.9,D_DNS
R12_04_LTN,2014,1,receive,281380,14:04.3,D_DNS
R12_04_LTN,2015,9,expense,275600,18:41.2,D_SSM
R12_04_LTN,2013,12,receive,274560,35:15.5,D_DNS4
R12_04_LTN,2013,12,receive,270000,35:15.5,D_DNS4
R12_04_LTN,2016,2,expense,262500,28:13.5,D_SSM
R12_04_LTN,2015,8,receive,254416,18:09.1,D_SSM
R12_04_LTN,2015,2,receive,253717.5,08:47.9,D_DNS
R12_04_LTN,2017,1,expense,250000,24:56.2,D_MMA
R12_04_LTN,2014,9,receive,248952,07:55.5,D_DNS
R12_04_LTN,2016,6,receive,247857,26:23.7,D_MMA
R12_04_LTN,2013,9,receive,245000,37:22.8,D_DNS
R12_04_LTN,2015,6,receive,238000,11:07.3,D_SSM
R12_04_LTN,2014,5,receive,231000,15:32.3,D_DNS
R12_04_LTN,2014,8,receive,230000,25:22.8,D_DNS
R12_04_LTN,2013,11,receive,226482.49,38:07.6,D_DNS
R12_04_LTN,2015,2,receive,220000,08:47.9,D_DNS
R12_04_LTN,2014,4,receive,219899,15:12.3,D_DNS
R12_04_LTN,2017,3,expense,210452,40:54.9,D_MMA
R12_04_LTN,2015,3,receive,210000,32:10.3,D_DNS
R12_04_LTN,2016,1,receive,210000,27:44.3,D_SSM
R12_04_LTN,2013,6,receive,209000,26:40.2,D_DNS
R12_04_LTN,2017,6,receive,207556,54:05.4,D_EKTW
R12_04_LTN,2015,7,receive,206597.4,13:51.7,D_SSM
R12_04_LTN,2017,5,receive,206000,37:44.9,D_MMA
R12_04_LTN,2014,6,receive,205262,15:51.9,D_DNS
R12_04_LTN,2013,4,receive,204285,21:01.7,D_DNS
R12_04_LTN,2016,8,receive,203100,43:35.4,D_MMA
R12_04_LTN,2016,9,receive,201778,15:23.9,D_MMA
R12_04_LTN,2017,6,receive,200915,54:05.4,D_EKTW
R12_04_LTN,2016,10,receive,200548,59:46.8,D_MMA
R12_04_LTN,2016,3,receive,200315,04:04.2,D_SSM
R12_04_LTN,2016,8,receive,200000,43:35.4,D_MMA
R12_04_LTN,2016,11,receive,200000,59:41.9,D_MMA
R12_04_LTN,2015,10,receive,200000,24:30.7,D_SSM
R12_04_LTN,2014,6,receive,200000,15:51.9,D_DNS
R12_04_LTN,2017,6,receive,200000,54:05.4,D_EKTW
R12_04_LTN,2017,6,receive,200000,54:05.4,D_EKTW
R12_04_LTN,2017,2,expense,200000,04:47.0,D_MMA
R12_04_LTN,2016,6,receive,190000,26:23.7,D_MMA
R12_04_LTN,2016,10,receive,185000,59:46.8,D_MMA
R12_04_LTN,2017,6,expense,181800,54:05.4,D_EKTW
R12_04_LTN,2014,5,receive,176000,15:32.3,D_DNS
R12_04_LTN,2013,10,receive,176000,37:41.8,D_DNS
R12_04_LTN,2016,3,expense,175500,04:04.2,D_SSM
R12_04_LTN,2013,11,receive,173690,38:07.6,D_DNS
R12_04_LTN,2017,5,receive,171802.19,37:44.9,D_MMA
R12_04_LTN,2017,5,receive,171802.19,37:44.9,D_MMA
R12_04_LTN,2015,9,receive,170000,18:41.2,D_SSM
R12_04_LTN,2016,3,expense,169450,04:04.2,D_SSM
R12_04_LTN,2016,9,expense,164250,15:23.9,D_MMA
R12_04_LTN,2015,3,expense,157050,32:10.3,D_DNS
R12_04_LTN,2014,3,expense,156300,24:56.8,D_DNS
R12_04_LTN,2013,9,receive,155216,37:22.8,D_DNS
R12_04_LTN,2014,8,receive,150000,25:22.8,D_DNS
R12_04_LTN,2014,11,receive,150000,26:18.1,D_DNS
R12_04_LTN,2015,8,receive,150000,18:09.1,D_SSM
R12_04_LTN,2015,11,receive,150000,26:49.5,D_SSM
R12_04_LTN,2016,5,receive,150000,24:36.5,D_MMA
R12_04_LTN,2016,2,receive,150000,28:13.5,D_SSM
R12_04_LTN,2013,4,receive,145000,21:01.7,D_DNS
R12_04_LTN,2015,1,receive,143804,38:28.3,D_DNS
R12_04_LTN,2016,3,receive,142780,04:04.2,D_SSM
R12_04_LTN,2014,3,expense,141400,24:56.8,D_DNS
R12_04_LTN,2013,6,receive,140000,26:40.2,D_DNS
R12_04_LTN,2013,7,receive,140000,27:57.6,D_DNS
R12_04_LTN,2013,10,expense,133800,37:41.8,D_DNS
R12_04_LTN,2015,7,receive,133333,13:51.7,D_SSM
R12_04_LTN,2015,12,receive,130788,27:18.2,D_SSM
R12_04_LTN,2016,3,receive,130788,04:04.2,D_SSM
R12_04_LTN,2013,11,receive,130000,38:07.6,D_DNS
R12_04_LTN,2013,9,receive,130000,37:22.8,D_DNS
R12_04_LTN,2013,9,expense,128400,37:22.8,D_DNS
R12_04_LTN,2016,1,receive,126940,27:44.3,D_SSM
R12_04_LTN,2017,3,expense,126400,40:54.9,D_MMA
R12_04_LTN,2013,11,receive,122965,38:07.6,D_DNS
R12_04_LTN,2013,6,receive,120000,26:40.2,D_DNS
R12_04_LTN,2014,4,receive,120000,15:12.3,D_DNS
R12_04_LTN,2013,7,receive,119155,27:57.6,D_DNS
R12_04_LTN,2013,8,expense,118800,31:53.2,D_DNS
R12_04_LTN,2016,6,receive,118000,26:23.7,D_MMA
R12_04_LTN,2013,7,expense,113400,27:57.6,D_DNS
R12_04_LTN,2013,5,expense,113400,21:17.5,D_DNS
R12_04_LTN,2013,12,expense,113400,35:15.5,D_DNS4
R12_04_LTN,2015,9,receive,113071.6,18:41.2,D_SSM
R12_04_LTN,2013,6,receive,110000,26:40.2,D_DNS
R12_04_LTN,2013,6,expense,108000,26:40.2,D_DNS
R12_04_LTN,2013,11,expense,108000,38:07.6,D_DNS
R12_04_LTN,2014,3,expense,108000,24:56.8,D_DNS
R12_04_LTN,2015,3,expense,108000,32:10.3,D_DNS
R12_04_LTN,2015,2,expense,106860,08:47.9,D_DNS
R12_04_LTN,2013,9,expense,102100,37:22.8,D_DNS
R12_04_LTN,2013,10,receive,100000,37:41.8,D_DNS
R12_04_LTN,2013,9,receive,100000,37:22.8,D_DNS
R12_04_LTN,2014,8,receive,100000,25:22.8,D_DNS
R12_04_LTN,2015,1,receive,100000,38:28.3,D_DNS
R12_04_LTN,2015,7,receive,100000,13:51.7,D_SSM
R12_04_LTN,2015,8,receive,100000,18:09.1,D_SSM
R12_04_LTN,2015,11,expense,100000,26:49.5,D_SSM
R12_04_LTN,2017,1,receive,100000,24:56.2,D_MMA
R12_04_LTN,2014,5,expense,97000,15:32.3,D_DNS
R12_04_LTN,2014,4,expense,96000,15:12.3,D_DNS
R12_04_LTN,2014,2,expense,96000,00:40.2,D_YYS
R12_04_LTN,2013,4,receive,94070,21:01.7,D_DNS
R12_04_LTN,2014,9,expense,93050,07:55.5,D_DNS
R12_04_LTN,2013,4,receive,92648.83,21:01.7,D_DNS
R12_04_LTN,2013,9,receive,90000,37:22.8,D_DNS
R12_04_LTN,2014,7,receive,89960,22:28.9,D_DNS
R12_04_LTN,2013,5,receive,89377,21:17.5,D_DNS
R12_04_LTN,2014,7,receive,88167,22:28.9,D_DNS
R12_04_LTN,2013,4,expense,86400,21:01.7,D_DNS
R12_04_LTN,2014,6,receive,85535,15:51.9,D_DNS
R12_04_LTN,2016,10,expense,83000,59:46.8,D_MMA
R12_04_LTN,2015,9,expense,80750,18:41.2,D_SSM
R12_04_LTN,2014,7,receive,80000,22:28.9,D_DNS
R12_04_LTN,2014,3,expense,74200,24:56.8,D_DNS
R12_04_LTN,2016,5,receive,73000,24:36.5,D_MMA
R12_04_LTN,2016,3,expense,72000,04:04.2,D_SSM
R12_04_LTN,2016,9,expense,72000,15:23.9,D_MMA
R12_04_LTN,2015,9,expense,72000,18:41.2,D_SSM
R12_04_LTN,2017,3,expense,72000,40:54.9,D_MMA
R12_04_LTN,2016,6,expense,70500,26:23.7,D_MMA
R12_04_LTN,2014,8,receive,70000,25:22.8,D_DNS
R12_04_LTN,2015,1,receive,70000,38:28.3,D_DNS
R12_04_LTN,2016,7,expense,69000,54:56.4,D_MMA
R12_04_LTN,2017,3,expense,68635,40:54.9,D_MMA
R12_04_LTN,2016,7,expense,67000,54:56.4,D_MMA
R12_04_LTN,2017,5,receive,66000,37:44.9,D_MMA
R12_04_LTN,2015,5,receive,64600,47:16.0,D_SSM
R12_04_LTN,2014,5,receive,63240,15:32.3,D_DNS
R12_04_LTN,2017,6,expense,62000,54:05.4,D_EKTW
R12_04_LTN,2014,9,expense,61700,07:55.5,D_DNS
R12_04_LTN,2015,10,expense,60750,24:30.7,D_SSM
R12_04_LTN,2016,10,expense,60000,59:46.8,D_MMA
R12_04_LTN,2014,1,expense,59400,14:04.3,D_DNS
R12_04_LTN,2016,7,expense,56250,54:56.4,D_MMA
R12_04_LTN,2014,1,expense,54000,14:04.3,D_DNS
R12_04_LTN,2013,10,expense,54000,37:41.8,D_DNS
R12_04_LTN,2016,3,expense,53000,04:04.2,D_SSM
R12_04_LTN,2016,1,receive,52452,27:44.3,D_SSM
R12_04_LTN,2015,8,receive,52381,18:09.1,D_SSM
R12_04_LTN,2016,9,expense,52250,15:23.9,D_MMA
R12_04_LTN,2014,4,receive,51480,15:12.3,D_DNS
R12_04_LTN,2014,2,expense,51300,00:40.2,D_YYS
R12_04_LTN,2014,7,expense,50000,22:28.9,D_DNS
R12_04_LTN,2014,7,expense,50000,22:28.9,D_DNS
R12_04_LTN,2014,9,expense,50000,07:55.5,D_DNS
R12_04_LTN,2016,9,receive,50000,15:23.9,D_MMA
R12_04_LTN,2016,8,expense,50000,43:35.4,D_MMA
R12_04_LTN,2016,8,receive,50000,43:35.4,D_MMA
R12_04_LTN,2016,7,receive,50000,54:56.4,D_MMA
R12_04_LTN,2015,5,receive,50000,47:16.0,D_SSM
R12_04_LTN,2017,6,receive,50000,54:05.4,D_EKTW
R12_04_LTN,2017,3,expense,50000,40:54.9,D_MMA
R12_04_LTN,2014,11,receive,49270,26:18.1,D_DNS
R12_04_LTN,2014,9,expense,48000,07:55.5,D_DNS
R12_04_LTN,2014,12,expense,48000,01:22.6,D_DNS
R12_04_LTN,2014,1,expense,48000,14:04.3,D_DNS
R12_04_LTN,2013,12,expense,48000,35:15.5,D_DNS4
R12_04_LTN,2015,6,expense,47593,11:07.3,D_SSM
R12_04_LTN,2016,1,expense,47500,27:44.3,D_SSM
R12_04_LTN,2016,2,expense,47000,28:13.5,D_SSM
R12_04_LTN,2016,1,expense,46850,27:44.3,D_SSM
R12_04_LTN,2015,12,expense,46000,27:18.2,D_SSM
R12_04_LTN,2016,12,expense,43310,07:48.5,D_MMA
R12_04_LTN,2016,10,expense,42200,59:46.8,D_MMA
R12_04_LTN,2015,2,expense,40000,08:47.9,D_DNS
R12_04_LTN,2013,4,expense,40000,21:01.7,D_DNS
R12_04_LTN,2013,4,receive,40000,21:01.7,D_DNS
R12_04_LTN,2013,5,receive,40000,21:17.5,D_DNS
R12_04_LTN,2015,1,receive,40000,38:28.3,D_DNS
R12_04_LTN,2014,10,expense,40000,26:19.7,D_DNS
R12_04_LTN,2014,3,expense,40000,24:56.8,D_DNS
R12_04_LTN,2014,6,receive,40000,15:51.9,D_DNS
R12_04_LTN,2015,5,expense,39050,47:16.0,D_SSM
R12_04_LTN,2014,5,expense,33950,15:32.3,D_DNS
R12_04_LTN,2015,3,expense,33250,32:10.3,D_DNS
R12_04_LTN,2015,4,expense,33132,46:47.4,D_SSM
R12_04_LTN,2013,7,expense,33130,27:57.6,D_DNS
R12_04_LTN,2015,5,expense,33000,47:16.0,D_SSM
R12_04_LTN,2016,6,expense,32450,26:23.7,D_MMA
R12_04_LTN,2016,8,expense,31500,43:35.4,D_MMA
R12_04_LTN,2015,9,expense,31400,18:41.2,D_SSM
R12_04_LTN,2016,3,expense,30822.66,04:04.2,D_SSM
R12_04_LTN,2017,2,expense,30661.79,04:47.0,D_MMA
R12_04_LTN,2015,3,expense,30179.16,32:10.3,D_DNS
R12_04_LTN,2014,3,expense,30179.16,24:56.8,D_DNS
R12_04_LTN,2014,8,expense,30000,25:22.8,D_DNS
R12_04_LTN,2013,8,receive,30000,31:53.2,D_DNS
R12_04_LTN,2013,5,receive,30000,21:17.5,D_DNS
R12_04_LTN,2016,10,expense,29000,59:46.8,D_MMA
R12_04_LTN,2014,6,expense,28600,15:51.9,D_DNS
R12_04_LTN,2015,11,expense,28500,26:49.5,D_SSM
R12_04_LTN,2013,6,expense,28000,26:40.2,D_DNS
R12_04_LTN,2014,12,expense,27000,01:22.6,D_DNS
R12_04_LTN,2015,3,receive,26940,32:10.3,D_DNS
R12_04_LTN,2014,12,expense,26600,01:22.6,D_DNS
R12_04_LTN,2015,7,expense,25650,13:51.7,D_SSM
R12_04_LTN,2017,6,expense,25600,54:05.4,D_EKTW
R12_04_LTN,2017,1,expense,25550,24:56.2,D_MMA
R12_04_LTN,2014,12,expense,25000,01:22.6,D_DNS
R12_04_LTN,2014,1,receive,24900,14:04.3,D_DNS
R12_04_LTN,2014,10,expense,24750,26:19.7,D_DNS
R12_04_LTN,2015,9,receive,24642,18:41.2,D_SSM
R12_04_LTN,2015,6,expense,24450,11:07.3,D_SSM
R12_04_LTN,2013,4,receive,24113,21:01.7,D_DNS
R12_04_LTN,2013,8,expense,23960,31:53.2,D_DNS
R12_04_LTN,2015,8,expense,23900,18:09.1,D_SSM
R12_04_LTN,2016,12,expense,23350,07:48.5,D_MMA
R12_04_LTN,2015,6,expense,23326,11:07.3,D_SSM
R12_04_LTN,2014,12,expense,23258,01:22.6,D_DNS
R12_04_LTN,2016,5,expense,23050,24:36.5,D_MMA
R12_04_LTN,2015,2,expense,23000,08:47.9,D_DNS
R12_04_LTN,2015,2,receive,23000,08:47.9,D_DNS
R12_04_LTN,2014,1,receive,23000,14:04.3,D_DNS
R12_04_LTN,2014,10,receive,22875,26:19.7,D_DNS
R12_04_LTN,2014,9,expense,22600,07:55.5,D_DNS
R12_04_LTN,2016,3,expense,21350,04:04.2,D_SSM
R12_04_LTN,2014,7,receive,21000,22:28.9,D_DNS
R12_04_LTN,2016,3,expense,20909,04:04.2,D_SSM
R12_04_LTN,2016,9,expense,20400,15:23.9,D_MMA
R12_04_LTN,2016,9,expense,20000,15:23.9,D_MMA
R12_04_LTN,2016,10,expense,20000,59:46.8,D_MMA
R12_04_LTN,2016,8,expense,20000,43:35.4,D_MMA
R12_04_LTN,2016,12,expense,20000,07:48.5,D_MMA
R12_04_LTN,2017,1,expense,20000,24:56.2,D_MMA
R12_04_LTN,2016,11,expense,20000,59:41.9,D_MMA
R12_04_LTN,2016,3,expense,20000,04:04.2,D_SSM
R12_04_LTN,2016,2,expense,20000,28:13.5,D_SSM
R12_04_LTN,2016,5,expense,20000,24:36.5,D_MMA
R12_04_LTN,2016,6,expense,20000,26:23.7,D_MMA
R12_04_LTN,2016,7,expense,20000,54:56.4,D_MMA
R12_04_LTN,2015,2,expense,20000,08:47.9,D_DNS
R12_04_LTN,2015,3,expense,20000,32:10.3,D_DNS
R12_04_LTN,2015,3,expense,20000,32:10.3,D_DNS
R12_04_LTN,2015,4,expense,20000,46:47.4,D_SSM
R12_04_LTN,2015,6,expense,20000,11:07.3,D_SSM
R12_04_LTN,2015,7,expense,20000,13:51.7,D_SSM
R12_04_LTN,2015,5,expense,20000,47:16.0,D_SSM
R12_04_LTN,2015,8,expense,20000,18:09.1,D_SSM
R12_04_LTN,2015,9,expense,20000,18:41.2,D_SSM
R12_04_LTN,2015,11,expense,20000,26:49.5,D_SSM
R12_04_LTN,2015,10,expense,20000,24:30.7,D_SSM
R12_04_LTN,2015,12,expense,20000,27:18.2,D_SSM
R12_04_LTN,2016,1,expense,20000,27:44.3,D_SSM
R12_04_LTN,2014,8,expense,20000,25:22.8,D_DNS
R12_04_LTN,2014,4,expense,20000,15:12.3,D_DNS
R12_04_LTN,2014,6,expense,20000,15:51.9,D_DNS
R12_04_LTN,2014,5,expense,20000,15:32.3,D_DNS
R12_04_LTN,2014,9,expense,20000,07:55.5,D_DNS
R12_04_LTN,2014,9,expense,20000,07:55.5,D_DNS
R12_04_LTN,2014,10,expense,20000,26:19.7,D_DNS
R12_04_LTN,2014,11,expense,20000,26:18.1,D_DNS
R12_04_LTN,2015,1,expense,20000,38:28.3,D_DNS
R12_04_LTN,2014,12,expense,20000,01:22.6,D_DNS
R12_04_LTN,2013,12,expense,20000,35:15.5,D_DNS4
